CONNECT COMPANY_PUBLIC/astrongpassword@localhost:1521/COMPANY;

/*
    Check connection availability
*/
SET SERVEROUTPUT ON

DECLARE
  v_service_name VARCHAR2(100);
BEGIN
  SELECT SYS_CONTEXT('USERENV', 'SERVICE_NAME') INTO v_service_name FROM DUAL;
  DBMS_OUTPUT.PUT_LINE('Service Name: ' || v_service_name);
END;
/

--------------------------------------------------------------------------
-- record cho bang PHONGBAN
INSERT INTO PHONGBAN (MAPB, TENPB, TRPHG)
VALUES ('PB001', 'Phòng A', 'NV002');

INSERT INTO PHONGBAN (MAPB, TENPB, TRPHG)
VALUES ('PB002', 'Phòng B', 'NV003');

INSERT INTO PHONGBAN (MAPB, TENPB, TRPHG)
VALUES ('PB003', 'Phòng C', 'NV005');

INSERT INTO PHONGBAN (MAPB, TENPB, TRPHG)
VALUES ('PB004', 'Phòng D', 'NV003');

INSERT INTO PHONGBAN (MAPB, TENPB, TRPHG)
VALUES ('PB005', 'Phòng E', 'NV004');

SELECT * FROM PHONGBAN;
-- --------------------------------------------------------------------------

-- ----------------------------------------------------------------------------------------------------------------
-- record for DEAN
INSERT INTO DEAN (MADA, TENDA, NGAYBD, PHONG)
VALUES ('DA001', 'Dean 1', TO_DATE('2022-01-01', 'YYYY-MM-DD'), 'PB001');

INSERT INTO DEAN (MADA, TENDA, NGAYBD, PHONG)
VALUES ('DA002', 'Dean 2', TO_DATE('2022-02-01', 'YYYY-MM-DD'), 'PB002');

INSERT INTO DEAN (MADA, TENDA, NGAYBD, PHONG)
VALUES ('DA003', 'Dean 3', TO_DATE('2022-03-01', 'YYYY-MM-DD'), 'PB003');

INSERT INTO DEAN (MADA, TENDA, NGAYBD, PHONG)
VALUES ('DA004', 'Dean 4', TO_DATE('2022-04-01', 'YYYY-MM-DD'), 'PB004');

INSERT INTO DEAN (MADA, TENDA, NGAYBD, PHONG)
VALUES ('DA005', 'Dean 5', TO_DATE('2022-05-01', 'YYYY-MM-DD'), 'PB005');

INSERT INTO DEAN (MADA, TENDA, NGAYBD, PHONG)
VALUES ('DA006', 'Dean 6', TO_DATE('2022-06-01', 'YYYY-MM-DD'), 'PB001');

INSERT INTO DEAN (MADA, TENDA, NGAYBD, PHONG)
VALUES ('DA007', 'Dean 7', TO_DATE('2022-07-01', 'YYYY-MM-DD'), 'PB002');

INSERT INTO DEAN (MADA, TENDA, NGAYBD, PHONG)
VALUES ('DA008', 'Dean 8', TO_DATE('2022-08-01', 'YYYY-MM-DD'), 'PB003');

INSERT INTO DEAN (MADA, TENDA, NGAYBD, PHONG)
VALUES ('DA009', 'Dean 9', TO_DATE('2022-09-01', 'YYYY-MM-DD'), 'PB004');

INSERT INTO DEAN (MADA, TENDA, NGAYBD, PHONG)
VALUES ('DA010', 'Dean 10', TO_DATE('2022-10-01', 'YYYY-MM-DD'), 'PB005');

SELECT * FROM DEAN;
-- --------------------------------------------------------------------------------------------------------------------

-- --------------------------------------------------------------------
-- record for PHANCONG
INSERT INTO PHANCONG (MANV, MADA, THOIGIAN)
VALUES ('NV001', 'DA001', TO_DATE('2022-01-05', 'YYYY-MM-DD'));

INSERT INTO PHANCONG (MANV, MADA, THOIGIAN)
VALUES ('NV002', 'DA001', TO_DATE('2022-01-10', 'YYYY-MM-DD'));

INSERT INTO PHANCONG (MANV, MADA, THOIGIAN)
VALUES ('NV003', 'DA002', TO_DATE('2022-02-07', 'YYYY-MM-DD'));

INSERT INTO PHANCONG (MANV, MADA, THOIGIAN)
VALUES ('NV004', 'DA002', TO_DATE('2022-02-15', 'YYYY-MM-DD'));

INSERT INTO PHANCONG (MANV, MADA, THOIGIAN)
VALUES ('NV005', 'DA003', TO_DATE('2022-03-10', 'YYYY-MM-DD'));

INSERT INTO PHANCONG (MANV, MADA, THOIGIAN)
VALUES ('NV006', 'DA003', TO_DATE('2022-03-18', 'YYYY-MM-DD'));

INSERT INTO PHANCONG (MANV, MADA, THOIGIAN)
VALUES ('NV007', 'DA004', TO_DATE('2022-04-05', 'YYYY-MM-DD'));

INSERT INTO PHANCONG (MANV, MADA, THOIGIAN)
VALUES ('NV008', 'DA004', TO_DATE('2022-04-12', 'YYYY-MM-DD'));

INSERT INTO PHANCONG (MANV, MADA, THOIGIAN)
VALUES ('NV009', 'DA005', TO_DATE('2022-05-15', 'YYYY-MM-DD'));

INSERT INTO PHANCONG (MANV, MADA, THOIGIAN)
VALUES ('NV010', 'DA005', TO_DATE('2022-05-20', 'YYYY-MM-DD'));

INSERT INTO PHANCONG (MANV, MADA, THOIGIAN)
VALUES ('NV011', 'DA006', TO_DATE('2022-06-05', 'YYYY-MM-DD'));

INSERT INTO PHANCONG (MANV, MADA, THOIGIAN)
VALUES ('NV012', 'DA006', TO_DATE('2022-06-10', 'YYYY-MM-DD'));

INSERT INTO PHANCONG (MANV, MADA, THOIGIAN)
VALUES ('NV013', 'DA007', TO_DATE('2022-07-07', 'YYYY-MM-DD'));

INSERT INTO PHANCONG (MANV, MADA, THOIGIAN)
VALUES ('NV014', 'DA007', TO_DATE('2022-07-15', 'YYYY-MM-DD'));

INSERT INTO PHANCONG (MANV, MADA, THOIGIAN)
VALUES ('NV015', 'DA008', TO_DATE('2022-08-10', 'YYYY-MM-DD'));

INSERT INTO PHANCONG (MANV, MADA, THOIGIAN)
VALUES ('NV016', 'DA008', TO_DATE('2022-08-18', 'YYYY-MM-DD'));

INSERT INTO PHANCONG (MANV, MADA, THOIGIAN)
VALUES ('NV017', 'DA009', TO_DATE('2022-09-05', 'YYYY-MM-DD'));

INSERT INTO PHANCONG (MANV, MADA, THOIGIAN)
VALUES ('NV018', 'DA009', TO_DATE('2022-09-12', 'YYYY-MM-DD'));

INSERT INTO PHANCONG (MANV, MADA, THOIGIAN)
VALUES ('NV019', 'DA010', TO_DATE('2022-10-15', 'YYYY-MM-DD'));

INSERT INTO PHANCONG (MANV, MADA, THOIGIAN)
VALUES ('NV020', 'DA010', TO_DATE('2022-10-20', 'YYYY-MM-DD'));