CONNECT COMPANY_PUBLIC/astrongpassword@localhost:1521/COMPANY;

/*
    Check connection availability
*/
SET SERVEROUTPUT ON

DECLARE
  v_service_name VARCHAR2(100);
BEGIN
  SELECT SYS_CONTEXT('USERENV', 'SERVICE_NAME') INTO v_service_name FROM DUAL;
  DBMS_OUTPUT.PUT_LINE('Service Name: ' || v_service_name);
END;
/

--------------------------------------------------------------------------
-- record cho bang PHONGBAN
INSERT INTO PHONGBAN (MAPB, TENPB, TRPHG) VALUES ('PB002', 'Phòng ban 2', 'TP001');
INSERT INTO PHONGBAN (MAPB, TENPB, TRPHG) VALUES ('PB003', 'Phòng ban 3', 'TP002');
INSERT INTO PHONGBAN (MAPB, TENPB, TRPHG) VALUES ('PB004', 'Phòng ban 4', 'TP003');
INSERT INTO PHONGBAN (MAPB, TENPB, TRPHG) VALUES ('PB005', 'Phòng ban 5', 'TP004');
INSERT INTO PHONGBAN (MAPB, TENPB, TRPHG) VALUES ('PB006', 'Phòng ban 6', 'TP005');
INSERT INTO PHONGBAN (MAPB, TENPB, TRPHG) VALUES ('PB007', 'Phòng ban 7', 'TP006');
INSERT INTO PHONGBAN (MAPB, TENPB, TRPHG) VALUES ('PB008', 'Phòng ban 8', 'TP007');
INSERT INTO PHONGBAN (MAPB, TENPB, TRPHG) VALUES ('PB001', 'Phòng ban 1', 'TP008');
-- --------------------------------------------------------------------------

-- ----------------------------------------------------------------------------------------------------------------
-- record for DEAN
INSERT INTO DEAN (MADA, TENDA, NGAYBD, PHONG, TRUONGDEAN) VALUES ('DA001', 'Dean 1', TO_DATE('2022-01-01', 'YYYY-MM-DD'), 'PB001', 'TDA001');
INSERT INTO DEAN (MADA, TENDA, NGAYBD, PHONG, TRUONGDEAN) VALUES ('DA002', 'Dean 2', TO_DATE('2022-02-01', 'YYYY-MM-DD'), 'PB002', 'TDA002');
INSERT INTO DEAN (MADA, TENDA, NGAYBD, PHONG, TRUONGDEAN) VALUES ('DA003', 'Dean 3', TO_DATE('2022-03-01', 'YYYY-MM-DD'), 'PB001', 'TDA001');
INSERT INTO DEAN (MADA, TENDA, NGAYBD, PHONG, TRUONGDEAN) VALUES ('DA004', 'Dean 4', TO_DATE('2022-04-01', 'YYYY-MM-DD'), 'PB003', 'TDA003');
INSERT INTO DEAN (MADA, TENDA, NGAYBD, PHONG, TRUONGDEAN) VALUES ('DA005', 'Dean 5', TO_DATE('2022-05-01', 'YYYY-MM-DD'), 'PB001', 'TDA001');
INSERT INTO DEAN (MADA, TENDA, NGAYBD, PHONG, TRUONGDEAN) VALUES ('DA006', 'Dean 6', TO_DATE('2022-06-01', 'YYYY-MM-DD'), 'PB002', 'TDA002');
INSERT INTO DEAN (MADA, TENDA, NGAYBD, PHONG, TRUONGDEAN) VALUES ('DA007', 'Dean 7', TO_DATE('2022-07-01', 'YYYY-MM-DD'), 'PB002', 'TDA002');
INSERT INTO DEAN (MADA, TENDA, NGAYBD, PHONG, TRUONGDEAN) VALUES ('DA008', 'Dean 8', TO_DATE('2022-08-01', 'YYYY-MM-DD'), 'PB003', 'TDA003');
INSERT INTO DEAN (MADA, TENDA, NGAYBD, PHONG, TRUONGDEAN) VALUES ('DA009', 'Dean 9', TO_DATE('2022-09-01', 'YYYY-MM-DD'), 'PB003', 'TDA003');
INSERT INTO DEAN (MADA, TENDA, NGAYBD, PHONG, TRUONGDEAN) VALUES ('DA010', 'Dean 10', TO_DATE('2022-10-01', 'YYYY-MM-DD'), 'PB002', 'TDA002');
INSERT INTO DEAN (MADA, TENDA, NGAYBD, PHONG, TRUONGDEAN) VALUES ('DA011', 'Dean 11', TO_DATE('2022-11-01', 'YYYY-MM-DD'), 'PB001', 'TDA001');
INSERT INTO DEAN (MADA, TENDA, NGAYBD, PHONG, TRUONGDEAN) VALUES ('DA012', 'Dean 12', TO_DATE('2022-12-01', 'YYYY-MM-DD'), 'PB003', 'TDA003');
INSERT INTO DEAN (MADA, TENDA, NGAYBD, PHONG, TRUONGDEAN) VALUES ('DA013', 'Dean 13', TO_DATE('2023-01-01', 'YYYY-MM-DD'), 'PB002', 'TDA002');
INSERT INTO DEAN (MADA, TENDA, NGAYBD, PHONG, TRUONGDEAN) VALUES ('DA014', 'Dean 14', TO_DATE('2023-02-01', 'YYYY-MM-DD'), 'PB002', 'TDA002');
INSERT INTO DEAN (MADA, TENDA, NGAYBD, PHONG, TRUONGDEAN) VALUES ('DA015', 'Dean 15', TO_DATE('2023-03-01', 'YYYY-MM-DD'), 'PB001', 'TDA001');
INSERT INTO DEAN (MADA, TENDA, NGAYBD, PHONG, TRUONGDEAN) VALUES ('DA016', 'Dean 16', TO_DATE('2023-04-01', 'YYYY-MM-DD'), 'PB001', 'TDA001');
INSERT INTO DEAN (MADA, TENDA, NGAYBD, PHONG, TRUONGDEAN) VALUES ('DA017', 'Dean 17', TO_DATE('2023-05-01', 'YYYY-MM-DD'), 'PB001', 'TDA001');
INSERT INTO DEAN (MADA, TENDA, NGAYBD, PHONG, TRUONGDEAN) VALUES ('DA018', 'Dean 18', TO_DATE('2023-06-01', 'YYYY-MM-DD'), 'PB003', 'TDA003');
INSERT INTO DEAN (MADA, TENDA, NGAYBD, PHONG, TRUONGDEAN) VALUES ('DA019', 'Dean 19', TO_DATE('2023-07-01', 'YYYY-MM-DD'), 'PB003', 'TDA003');
INSERT INTO DEAN (MADA, TENDA, NGAYBD, PHONG, TRUONGDEAN) VALUES ('DA020', 'Dean 20', TO_DATE('2023-08-01', 'YYYY-MM-DD'), 'PB002', 'TDA002');
-- --------------------------------------------------------------------------------------------------------------------

-- --------------------------------------------------------------------
-- record for PHANCONG
-- For MADA 'DA004'
INSERT INTO PHANCONG (MANV, MADA, THOIGIAN) VALUES ('NV008', 'DA004', TO_DATE('2022-01-01', 'YYYY-MM-DD'));
INSERT INTO PHANCONG (MANV, MADA, THOIGIAN) VALUES ('NV016', 'DA004', TO_DATE('2022-01-02', 'YYYY-MM-DD'));
INSERT INTO PHANCONG (MANV, MADA, THOIGIAN) VALUES ('NV024', 'DA004', TO_DATE('2022-01-03', 'YYYY-MM-DD'));
INSERT INTO PHANCONG (MANV, MADA, THOIGIAN) VALUES ('NV032', 'DA004', TO_DATE('2022-01-04', 'YYYY-MM-DD'));
INSERT INTO PHANCONG (MANV, MADA, THOIGIAN) VALUES ('NV040', 'DA004', TO_DATE('2022-01-05', 'YYYY-MM-DD'));

-- For MADA 'DA015'
INSERT INTO PHANCONG (MANV, MADA, THOIGIAN) VALUES ('NV048', 'DA015', TO_DATE('2022-01-01', 'YYYY-MM-DD'));
INSERT INTO PHANCONG (MANV, MADA, THOIGIAN) VALUES ('NV056', 'DA015', TO_DATE('2022-01-02', 'YYYY-MM-DD'));
INSERT INTO PHANCONG (MANV, MADA, THOIGIAN) VALUES ('NV064', 'DA015', TO_DATE('2022-01-03', 'YYYY-MM-DD'));
INSERT INTO PHANCONG (MANV, MADA, THOIGIAN) VALUES ('NV072', 'DA015', TO_DATE('2022-01-04', 'YYYY-MM-DD'));
INSERT INTO PHANCONG (MANV, MADA, THOIGIAN) VALUES ('NV080', 'DA015', TO_DATE('2022-01-05', 'YYYY-MM-DD'));

-------------------------------------------------------------------------------------

-- Insert cho MADA DA007
INSERT INTO PHANCONG (MANV, MADA, THOIGIAN) VALUES ('NV001', 'DA007', SYSDATE);
INSERT INTO PHANCONG (MANV, MADA, THOIGIAN) VALUES ('NV009', 'DA007', SYSDATE);
INSERT INTO PHANCONG (MANV, MADA, THOIGIAN) VALUES ('NV017', 'DA007', SYSDATE);
INSERT INTO PHANCONG (MANV, MADA, THOIGIAN) VALUES ('NV025', 'DA007', SYSDATE);
INSERT INTO PHANCONG (MANV, MADA, THOIGIAN) VALUES ('NV033', 'DA007', SYSDATE);
INSERT INTO PHANCONG (MANV, MADA, THOIGIAN) VALUES ('NV041', 'DA007', SYSDATE);
INSERT INTO PHANCONG (MANV, MADA, THOIGIAN) VALUES ('NV049', 'DA007', SYSDATE);
INSERT INTO PHANCONG (MANV, MADA, THOIGIAN) VALUES ('NV057', 'DA007', SYSDATE);
INSERT INTO PHANCONG (MANV, MADA, THOIGIAN) VALUES ('NV065', 'DA007', SYSDATE);
INSERT INTO PHANCONG (MANV, MADA, THOIGIAN) VALUES ('NV073', 'DA007', SYSDATE);

-- Insert cho MADA DA009
INSERT INTO PHANCONG (MANV, MADA, THOIGIAN) VALUES ('NV081', 'DA009', SYSDATE);
INSERT INTO PHANCONG (MANV, MADA, THOIGIAN) VALUES ('NV089', 'DA009', SYSDATE);
INSERT INTO PHANCONG (MANV, MADA, THOIGIAN) VALUES ('NV097', 'DA009', SYSDATE);
INSERT INTO PHANCONG (MANV, MADA, THOIGIAN) VALUES ('NV105', 'DA009', SYSDATE);
INSERT INTO PHANCONG (MANV, MADA, THOIGIAN) VALUES ('NV113', 'DA009', SYSDATE);
INSERT INTO PHANCONG (MANV, MADA, THOIGIAN) VALUES ('NV121', 'DA009', SYSDATE);
INSERT INTO PHANCONG (MANV, MADA, THOIGIAN) VALUES ('NV129', 'DA009', SYSDATE);
INSERT INTO PHANCONG (MANV, MADA, THOIGIAN) VALUES ('NV137', 'DA009', SYSDATE);
INSERT INTO PHANCONG (MANV, MADA, THOIGIAN) VALUES ('NV145', 'DA009', SYSDATE);
INSERT INTO PHANCONG (MANV, MADA, THOIGIAN) VALUES ('NV153', 'DA009', SYSDATE);

-- Insert cho MADA DA001
INSERT INTO PHANCONG (MANV, MADA, THOIGIAN) VALUES ('NV002', 'DA001', SYSDATE);
INSERT INTO PHANCONG (MANV, MADA, THOIGIAN) VALUES ('NV010', 'DA001', SYSDATE);
INSERT INTO PHANCONG (MANV, MADA, THOIGIAN) VALUES ('NV018', 'DA001', SYSDATE);
INSERT INTO PHANCONG (MANV, MADA, THOIGIAN) VALUES ('NV026', 'DA001', SYSDATE);
INSERT INTO PHANCONG (MANV, MADA, THOIGIAN) VALUES ('NV034', 'DA001', SYSDATE);

-------------------------------------------------------------------------------------

-- Insert cho MADA DA010
INSERT INTO PHANCONG (MANV, MADA, THOIGIAN) VALUES ('NV042', 'DA010', SYSDATE);
INSERT INTO PHANCONG (MANV, MADA, THOIGIAN) VALUES ('NV050', 'DA010', SYSDATE);
INSERT INTO PHANCONG (MANV, MADA, THOIGIAN) VALUES ('NV058', 'DA010', SYSDATE);
INSERT INTO PHANCONG (MANV, MADA, THOIGIAN) VALUES ('NV066', 'DA010', SYSDATE);
INSERT INTO PHANCONG (MANV, MADA, THOIGIAN) VALUES ('NV074', 'DA010', SYSDATE);

-- Insert cho MADA DA017
INSERT INTO PHANCONG (MANV, MADA, THOIGIAN) VALUES ('NV082', 'DA017', SYSDATE);
INSERT INTO PHANCONG (MANV, MADA, THOIGIAN) VALUES ('NV090', 'DA017', SYSDATE);
INSERT INTO PHANCONG (MANV, MADA, THOIGIAN) VALUES ('NV098', 'DA017', SYSDATE);
INSERT INTO PHANCONG (MANV, MADA, THOIGIAN) VALUES ('NV106', 'DA017', SYSDATE);
INSERT INTO PHANCONG (MANV, MADA, THOIGIAN) VALUES ('NV114', 'DA017', SYSDATE);

-------------------------------------------------------------------------------------

-- Insert cho MADA DA003
INSERT INTO PHANCONG (MANV, MADA, THOIGIAN) VALUES ('NV003', 'DA003', TO_DATE('2022-01-01', 'YYYY-MM-DD'));
INSERT INTO PHANCONG (MANV, MADA, THOIGIAN) VALUES ('NV011', 'DA003', TO_DATE('2022-02-15', 'YYYY-MM-DD'));
INSERT INTO PHANCONG (MANV, MADA, THOIGIAN) VALUES ('NV019', 'DA003', TO_DATE('2022-03-27', 'YYYY-MM-DD'));
INSERT INTO PHANCONG (MANV, MADA, THOIGIAN) VALUES ('NV027', 'DA003', TO_DATE('2022-04-10', 'YYYY-MM-DD'));
INSERT INTO PHANCONG (MANV, MADA, THOIGIAN) VALUES ('NV035', 'DA003', TO_DATE('2022-05-22', 'YYYY-MM-DD'));

-- Insert cho MADA DA014
INSERT INTO PHANCONG (MANV, MADA, THOIGIAN) VALUES ('NV043', 'DA014', TO_DATE('2022-06-05', 'YYYY-MM-DD'));
INSERT INTO PHANCONG (MANV, MADA, THOIGIAN) VALUES ('NV051', 'DA014', TO_DATE('2022-07-18', 'YYYY-MM-DD'));
INSERT INTO PHANCONG (MANV, MADA, THOIGIAN) VALUES ('NV059', 'DA014', TO_DATE('2022-08-30', 'YYYY-MM-DD'));
INSERT INTO PHANCONG (MANV, MADA, THOIGIAN) VALUES ('NV067', 'DA014', TO_DATE('2022-09-12', 'YYYY-MM-DD'));
INSERT INTO PHANCONG (MANV, MADA, THOIGIAN) VALUES ('NV075', 'DA014', TO_DATE('2022-10-24', 'YYYY-MM-DD'));

-- Insert cho MADA DA020
INSERT INTO PHANCONG (MANV, MADA, THOIGIAN) VALUES ('NV083', 'DA020', TO_DATE('2022-11-07', 'YYYY-MM-DD'));
INSERT INTO PHANCONG (MANV, MADA, THOIGIAN) VALUES ('NV091', 'DA020', TO_DATE('2022-12-19', 'YYYY-MM-DD'));
INSERT INTO PHANCONG (MANV, MADA, THOIGIAN) VALUES ('NV099', 'DA020', TO_DATE('2022-01-31', 'YYYY-MM-DD'));
INSERT INTO PHANCONG (MANV, MADA, THOIGIAN) VALUES ('NV107', 'DA020', TO_DATE('2022-02-13', 'YYYY-MM-DD'));
INSERT INTO PHANCONG (MANV, MADA, THOIGIAN) VALUES ('NV115', 'DA020', TO_DATE('2022-03-27', 'YYYY-MM-DD'));

-------------------------------------------------------------------------------------

-- Insert cho MADA DA008
INSERT INTO PHANCONG (MANV, MADA, THOIGIAN) VALUES ('NV004', 'DA008', TO_DATE('2022-01-02', 'YYYY-MM-DD'));
INSERT INTO PHANCONG (MANV, MADA, THOIGIAN) VALUES ('NV012', 'DA008', TO_DATE('2022-02-16', 'YYYY-MM-DD'));
INSERT INTO PHANCONG (MANV, MADA, THOIGIAN) VALUES ('NV020', 'DA008', TO_DATE('2022-03-28', 'YYYY-MM-DD'));
INSERT INTO PHANCONG (MANV, MADA, THOIGIAN) VALUES ('NV028', 'DA008', TO_DATE('2022-04-11', 'YYYY-MM-DD'));
INSERT INTO PHANCONG (MANV, MADA, THOIGIAN) VALUES ('NV036', 'DA008', TO_DATE('2022-05-23', 'YYYY-MM-DD'));

-- Insert cho MADA DA012
INSERT INTO PHANCONG (MANV, MADA, THOIGIAN) VALUES ('NV044', 'DA012', TO_DATE('2022-06-06', 'YYYY-MM-DD'));
INSERT INTO PHANCONG (MANV, MADA, THOIGIAN) VALUES ('NV052', 'DA012', TO_DATE('2022-07-19', 'YYYY-MM-DD'));
INSERT INTO PHANCONG (MANV, MADA, THOIGIAN) VALUES ('NV060', 'DA012', TO_DATE('2022-08-31', 'YYYY-MM-DD'));
INSERT INTO PHANCONG (MANV, MADA, THOIGIAN) VALUES ('NV068', 'DA012', TO_DATE('2022-09-13', 'YYYY-MM-DD'));
INSERT INTO PHANCONG (MANV, MADA, THOIGIAN) VALUES ('NV076', 'DA012', TO_DATE('2022-10-25', 'YYYY-MM-DD'));

-- Insert cho MADA DA018
INSERT INTO PHANCONG (MANV, MADA, THOIGIAN) VALUES ('NV084', 'DA018', TO_DATE('2022-11-08', 'YYYY-MM-DD'));
INSERT INTO PHANCONG (MANV, MADA, THOIGIAN) VALUES ('NV092', 'DA018', TO_DATE('2022-12-20', 'YYYY-MM-DD'));
INSERT INTO PHANCONG (MANV, MADA, THOIGIAN) VALUES ('NV100', 'DA018', TO_DATE('2022-02-01', 'YYYY-MM-DD'));
INSERT INTO PHANCONG (MANV, MADA, THOIGIAN) VALUES ('NV108', 'DA018', TO_DATE('2022-02-14', 'YYYY-MM-DD'));
INSERT INTO PHANCONG (MANV, MADA, THOIGIAN) VALUES ('NV116', 'DA018', TO_DATE('2022-03-28', 'YYYY-MM-DD'));

-------------------------------------------------------------------------------------

-- Insert cho MADA DA002
INSERT INTO PHANCONG (MANV, MADA, THOIGIAN) VALUES ('NV005', 'DA002', TO_DATE('2022-01-03', 'YYYY-MM-DD'));
INSERT INTO PHANCONG (MANV, MADA, THOIGIAN) VALUES ('NV013', 'DA002', TO_DATE('2022-02-15', 'YYYY-MM-DD'));
INSERT INTO PHANCONG (MANV, MADA, THOIGIAN) VALUES ('NV021', 'DA002', TO_DATE('2022-03-27', 'YYYY-MM-DD'));
INSERT INTO PHANCONG (MANV, MADA, THOIGIAN) VALUES ('NV029', 'DA002', TO_DATE('2022-04-10', 'YYYY-MM-DD'));
INSERT INTO PHANCONG (MANV, MADA, THOIGIAN) VALUES ('NV037', 'DA002', TO_DATE('2022-05-22', 'YYYY-MM-DD'));

-- Insert cho MADA DA013
INSERT INTO PHANCONG (MANV, MADA, THOIGIAN) VALUES ('NV045', 'DA013', TO_DATE('2022-06-05', 'YYYY-MM-DD'));
INSERT INTO PHANCONG (MANV, MADA, THOIGIAN) VALUES ('NV053', 'DA013', TO_DATE('2022-07-18', 'YYYY-MM-DD'));
INSERT INTO PHANCONG (MANV, MADA, THOIGIAN) VALUES ('NV061', 'DA013', TO_DATE('2022-08-30', 'YYYY-MM-DD'));
INSERT INTO PHANCONG (MANV, MADA, THOIGIAN) VALUES ('NV069', 'DA013', TO_DATE('2022-09-12', 'YYYY-MM-DD'));
INSERT INTO PHANCONG (MANV, MADA, THOIGIAN) VALUES ('NV077', 'DA013', TO_DATE('2022-10-24', 'YYYY-MM-DD'));

-------------------------------------------------------------------------------------
-- Insert cho MADA DA005
INSERT INTO PHANCONG (MANV, MADA, THOIGIAN) VALUES ('NV006', 'DA005', TO_DATE('2022-01-06', 'YYYY-MM-DD'));
INSERT INTO PHANCONG (MANV, MADA, THOIGIAN) VALUES ('NV014', 'DA005', TO_DATE('2022-02-18', 'YYYY-MM-DD'));
INSERT INTO PHANCONG (MANV, MADA, THOIGIAN) VALUES ('NV022', 'DA005', TO_DATE('2022-03-30', 'YYYY-MM-DD'));
INSERT INTO PHANCONG (MANV, MADA, THOIGIAN) VALUES ('NV030', 'DA005', TO_DATE('2022-04-12', 'YYYY-MM-DD'));
INSERT INTO PHANCONG (MANV, MADA, THOIGIAN) VALUES ('NV038', 'DA005', TO_DATE('2022-05-24', 'YYYY-MM-DD'));
INSERT INTO PHANCONG (MANV, MADA, THOIGIAN) VALUES ('NV046', 'DA005', TO_DATE('2022-06-06', 'YYYY-MM-DD'));
INSERT INTO PHANCONG (MANV, MADA, THOIGIAN) VALUES ('NV054', 'DA005', TO_DATE('2022-07-18', 'YYYY-MM-DD'));

-- Insert cho MADA DA019
INSERT INTO PHANCONG (MANV, MADA, THOIGIAN) VALUES ('NV062', 'DA019', TO_DATE('2022-08-30', 'YYYY-MM-DD'));
INSERT INTO PHANCONG (MANV, MADA, THOIGIAN) VALUES ('NV070', 'DA019', TO_DATE('2022-09-11', 'YYYY-MM-DD'));
INSERT INTO PHANCONG (MANV, MADA, THOIGIAN) VALUES ('NV078', 'DA019', TO_DATE('2022-10-23', 'YYYY-MM-DD'));
INSERT INTO PHANCONG (MANV, MADA, THOIGIAN) VALUES ('NV086', 'DA019', TO_DATE('2022-11-04', 'YYYY-MM-DD'));
INSERT INTO PHANCONG (MANV, MADA, THOIGIAN) VALUES ('NV094', 'DA019', TO_DATE('2022-12-16', 'YYYY-MM-DD'));
INSERT INTO PHANCONG (MANV, MADA, THOIGIAN) VALUES ('NV102', 'DA019', TO_DATE('2022-12-28', 'YYYY-MM-DD'));
INSERT INTO PHANCONG (MANV, MADA, THOIGIAN) VALUES ('NV110', 'DA019', TO_DATE('2022-12-31', 'YYYY-MM-DD'));

-------------------------------------------------------------------------------------
-- Insert cho MADA DA006
INSERT INTO PHANCONG (MANV, MADA, THOIGIAN) VALUES ('NV007', 'DA006', TO_DATE('2022-01-07', 'YYYY-MM-DD'));
INSERT INTO PHANCONG (MANV, MADA, THOIGIAN) VALUES ('NV015', 'DA006', TO_DATE('2022-02-19', 'YYYY-MM-DD'));
INSERT INTO PHANCONG (MANV, MADA, THOIGIAN) VALUES ('NV023', 'DA006', TO_DATE('2022-03-31', 'YYYY-MM-DD'));
INSERT INTO PHANCONG (MANV, MADA, THOIGIAN) VALUES ('NV031', 'DA006', TO_DATE('2022-04-13', 'YYYY-MM-DD'));
INSERT INTO PHANCONG (MANV, MADA, THOIGIAN) VALUES ('NV039', 'DA006', TO_DATE('2022-05-25', 'YYYY-MM-DD'));

-- Insert cho MADA DA011
INSERT INTO PHANCONG (MANV, MADA, THOIGIAN) VALUES ('NV047', 'DA011', TO_DATE('2022-06-07', 'YYYY-MM-DD'));
INSERT INTO PHANCONG (MANV, MADA, THOIGIAN) VALUES ('NV055', 'DA011', TO_DATE('2022-07-19', 'YYYY-MM-DD'));
INSERT INTO PHANCONG (MANV, MADA, THOIGIAN) VALUES ('NV063', 'DA011', TO_DATE('2022-08-31', 'YYYY-MM-DD'));
INSERT INTO PHANCONG (MANV, MADA, THOIGIAN) VALUES ('NV071', 'DA011', TO_DATE('2022-09-12', 'YYYY-MM-DD'));
INSERT INTO PHANCONG (MANV, MADA, THOIGIAN) VALUES ('NV079', 'DA011', TO_DATE('2022-10-24', 'YYYY-MM-DD'));

-- Insert cho MADA DA016
INSERT INTO PHANCONG (MANV, MADA, THOIGIAN) VALUES ('NV087', 'DA016', TO_DATE('2022-11-05', 'YYYY-MM-DD'));
INSERT INTO PHANCONG (MANV, MADA, THOIGIAN) VALUES ('NV095', 'DA016', TO_DATE('2022-12-17', 'YYYY-MM-DD'));
INSERT INTO PHANCONG (MANV, MADA, THOIGIAN) VALUES ('NV103', 'DA016', TO_DATE('2022-12-29', 'YYYY-MM-DD'));
INSERT INTO PHANCONG (MANV, MADA, THOIGIAN) VALUES ('NV111', 'DA016', TO_DATE('2022-12-31', 'YYYY-MM-DD'));
INSERT INTO PHANCONG (MANV, MADA, THOIGIAN) VALUES ('NV119', 'DA016', TO_DATE('2022-12-31', 'YYYY-MM-DD'));

COMMIT;